Variation,total_clients,completed_clients,completion_rate
Control,23532,15434,0.6558728539860615
Test,26968,18687,0.6929323642835954
