Variation,total_actions,backtracks,error_rate
Control,140536,9581,0.06817470256731371
Test,176699,16232,0.09186243272457682
