Variation,total_actions,repeated_actions,repeat_step_rate
Control,140536,13674,0.09729891273410372
Test,176699,19016,0.10761803971725929
