Variation,total_clients,repeat_visitors,repeat_visit_rate
Control,23532,5904,0.2508924018357981
Test,26968,7092,0.2629783447048354
