Variation,total_visits,visits_with_error,visit_error_rate
Control,32189,6520,0.20255366740190747
Test,37136,9961,0.2682302886686773
